game_id,game_name,game_name_en,game_name_abbr,prep_fun_name
9e14dbf6-8689-4e45-88e6-472f8f3f2663,Conners行为评定量表,Conners,Conners,sumscore
5b62cb67-dc37-4e3a-b948-ee2f202e3f35,MBTI职业性格测试,MBTI,MBTI,sumscore
f393282a-e2b1-4f40-a434-b7f7f345d13b,MINIKID,MINIKID,MINIKID,sumscore
438e859d-8fcb-43c9-aee7-6fee32550134,SAGES图形推理测验,SAGES,SAGES,countcorrect
ed0a28e4-9a36-402d-b671-3a26abb57581,按图索骥,Hidden Object Paradigm,HOP,refframe
3ebada56-d085-4ec4-807b-62857e1ecb11,贝克焦虑量表,Beck Anxiety Inventory,BAI,sumscore
6c35e634-bfa0-4e7f-929b-838452ae9ebe,贝克抑郁量表,Beck Depression Inventory,BDI,sumscore
b058c5e3-cff0-417d-93a9-dd82f901530d,变色魔块,Stop Signal,StopSig,stopsignal
885f599e-6cde-4588-a57e-24d2ea80e8ec,不倒翁,Tumbler,TBLR,countcorrect
2dfe4cb6-2fcc-4b44-a7f0-e42f74810872,察颜观色,Faces Reading,Faces,complexswitch
d4995118-c8ed-401d-9eb6-ee729fb98116,超级秒表,Simple Reaction Time Test,SRT,srt
8448e9c1-a791-4d6f-9a04-da2a7d7cb3fe,超级秒表极速版,Simple Reaction Time Test (Short Version),SRTS,srt
41e61346-e67c-4aae-bd41-76b7c16008d9,成长型思维量表,Mindset,Mindset,sumscore
238faaad-4968-4a91-9c29-84f59da38ad4,城市导航,Location Memory Advanced,LocMemAdv,locmem
c26c3b9c-5582-4155-9f76-b31e47c07f2a,吹气球,BART,BART,bart
c89ae889-110f-4c57-b201-802374d2f624,词语判断,Lexic,Lexic,cpt
6ab9073b-829e-4f60-9b71-2882bad51bf4,大五人格测验BFAS版本,BFAS,BFAS,sumscore
7034b6f2-0f09-46ea-8b95-634689a8e998,倒背数,Backward Digit Span,BDS,span
8cf5d67b-d853-4acb-a253-a8ff9aa2d486,登陆月球（初级）,Number Line Estimation Junior,NLEJr,nle
5c9e7f8b-41a1-4b31-9d94-63be74e5d806,登陆月球（中级）,Number Line Estimation Medium,NLEMed,nle
1afaf178-4409-48c7-99dc-1e5c4c1383a8,钓鱼高手,Delay Gratification,DG,igt
1c188618-612a-468c-b0a0-76a4afcdbaa0,多彩文字,Color Stroop Paradigm,ColStrp,congeff
b4934b88-3e79-4df9-a587-7fe4a353f1c0,儿童版情绪控制问卷,Emotion Control,EmoCtrl,sumscore
6c5e0a83-cd50-49bd-b382-2313f04dc4ac,儿童青少年时间管理倾向量表,Time Management,TimeMng,sumscore
ce65874f-e63f-41bd-9a79-3b95ce059435,儿童问卷-亲子关系,Children Parenthood,ChildParent,sumscore
59e5c3a0-5d57-4063-8e61-9e8c0a55d7c9,儿童问卷-情绪控制,Children Emotion,ChildEmo,sumscore
b99deff2-061d-4dae-ac28-48db1033887f,儿童问卷-师生关系,Children Teacher,ChildTeach,sumscore
f14db797-d7ac-47f5-aa5f-4aa8b5720607,儿童问卷-同伴关系,Children Companionship,ChildComp,sumscore
1125a7cd-bb94-4e6d-8883-900866255cd2,儿童行为量表,Behavior Scale,Behav,sumscore
fe1c2015-ab53-4899-8357-c64dc6aad075,二维心理旋转测试C,Mental Rotation C,MRC,countcorrect
8fa69a79-d25b-4079-9d9e-1db817f959b3,二维心理旋转测试D,Mental Rotation D,MRD,countcorrect
697d1de9-d140-4e21-9269-6de08443f784,方块速记,Spatial Short-term Memory Simple,SSTMS,span
1813dfbd-f61e-47f5-aec6-721cde20f838,方向临摹,Judgment of Line Orientation,JLO,jlo
b3574337-fd21-483e-9956-b765740633f8,愤怒量表,Anger,Anger,sumscore
cd0b8686-e775-416e-8a58-31a44f37f239,符号判断,Symbol,Symbol,cpt
944cd827-cbe1-4165-80a0-1801097ea892,父母温暖度,Warmth,Warmth,sumscore
e4399b39-92a0-4f44-871c-6108a1b17a63,各得其所,London Tower Test,LdnTwr,london
b5e936fa-3f67-4ad2-96ad-2e1b2f1634a2,孤独感,Loneliness,lone,sumscore
7cb86e74-810d-45a3-ba3c-8b8a9dc6dc1c,过目不忘,Forward Word Span,FWS,span
9a4aad2c-7afc-4c6f-b586-0721ba2e29c8,河道捕鱼,One Back Fishing,OneBackFish,sumweighted
ebcab989-3390-446c-ac8f-f61132765f3e,候鸟迁徙,Birds Migration,Birds,complexswitch
c175b435-27ed-4eac-9f98-00b4d2f22838,蝴蝶照相机,Symmetry Complex Span,SCSpan,span
9329db09-3ea5-42d8-a179-d8554b7cce99,欢乐餐厅,Associative Memory,AscMem,countcorrect
d5d29d3b-2a4c-4e1a-ab8e-b8fcc0fae48b,火眼金睛,Attention Search,AttSrc,countcorrect
693d68ec-a16b-4e13-b634-7a9ab98d64fa,霍兰德职业测验,The Self-Directed Search,SDS,sumscore
6b9793d4-99c7-47cc-ae51-426e19173add,基本信息,Basic Information,Info,sumscore
d01e177b-6227-40ba-96f9-02f217c29213,记忆策略量表,Memory Strategy,MemStrat,sumscore
a18dd7e5-334d-43e1-a893-eea973440748,记忆力自测量表,Memory Self-assess,MemSelf,sumscore
32893daf-5355-44b1-931e-3ab400ebeeef,家长问卷-冲动行为,Parent Impulsivity,ParentImp,sumscore
acb3a557-f11c-4a58-97fd-070d1ad2c6e3,家长问卷-注意行为,Parent Inattention,ParentIna,sumscore
b3886679-7004-4581-8cb4-bdd0b5ddc055,九五之集,Number Sets Test,NumSets,countcorrect
24b1d4ad-ab3e-4361-8b9b-d1dcb5edf2b9,卡片分类,Card Sorting,CardSort,switchcost
bd1bec6a-368c-4587-b37c-bbb1124e8360,快打地鼠,Hamster,Hamster,crt
07b9b48e-2350-4c5f-9b6a-5e2c2c1b97c5,快速归类,Choice Reaction Time,CRT,crt
11dfc2d5-3c9a-4178-b73c-5f12668826c8,快速归类（思维）,Choice Reaction Time (Thought Version),CRTAlt,crt
32b4ed17-52d5-464e-9009-1752f2b6731d,连点成画,Five Point Test,FPT,countcorrect
542754a4-d429-448a-b946-47149509d474,连点成画极速版,Five Point Test (Short Version),FPTS,countcorrect
1a3e2256-cbe5-4f22-a721-ce705571fb65,连续再认,Continuous Recognition Test,ConRec,cpt
6c84a085-e118-4089-9143-a65a24c74aa4,模拟驾驶,Driving,Driving,driving
1687a84a-ee51-4766-be13-53036e365d71,魔术师,N Back Test,Nback,nback
1757b97c-597e-4d4c-b7f4-dd749df394fd,魔术师(old),Adaptive N Back Test,AdptNback,nback
208fae84-7ae1-4e41-b15f-af731b825914,魔术师初级,One Back Test,Nback1,nback
cab61a44-0891-4d0f-bdc3-aee60f3a5f00,魔术师高级,Three Back Test,Nback3,nback
83d5c767-12ae-464b-9892-c3883c3b1a78,魔术师中级,Two Back Test,Nback2,nback
bc9f51d0-1d24-4826-a024-67b431741f51,魔术师终极,Four Back Test,Nback4,nback
082ea578-9bea-4618-94ac-946b7c1daff6,拼音判断,Pinyin,Pinyin,cpt
78b65b9d-0c33-4ebc-8551-23d3fbfb4533,青少年心理韧性量表,Adolescent Resilience Scale ,ARS,sumscore
c377e970-38b8-4d3c-a374-0826f5f89a56,情绪调节问卷,Emotion Regulation,EmoReg,sumscore
6799a247-736c-466d-92df-fe7449b0da47,情绪觉察问卷(儿童版),Emotion Perception,EmoPerc,sumscore
c3183d77-9b3e-45d2-acc7-5635bff64ce7,情绪跷跷板,Emotion Seesaw,EmoSee,sumscore
3a90d262-2d4f-4628-8902-01cd653f6bf5,请你找茬,Spot the Difference,StD,countcorrect2
4b245057-1fc7-4b88-83e1-9cc8b0448c7a,人工语言-初级,Associative Memory Language Junior,AscLanJr,countcorrect
33cb1542-8736-444d-80b5-4bed6cdac1a5,人工语言-中级,Associative Memory Language Medium,AscLanMd,countcorrect
8db8a2f0-4089-4cc7-88de-f1510e65ccc9,人生价值问卷,Life Value,LifeVal,sumscore
19c64c85-e049-4f07-98a0-3ba7c6e2f7db,瑞文标准推理,Raven Standard,RavenS,countcorrect
98ff7e39-c007-496a-9657-b2be8425d303,瑞文标准推理偶数版,Raven Standard Even,RavenSE,countcorrect
b2c2007f-1eac-43cd-b189-b2e8b205505a,瑞文标准推理奇数版,Raven Standard Odd,RavenSO,countcorrect
993e97f8-25be-4b20-9fa8-a901c8a6b7e8,瑞文高级推理,Raven Advanced,RavenAdv,countcorrect
ad810784-6bef-4277-803d-644a4d5d57f6,三维心理旋转测试A,Mental Rotation 3D A,MR3DA,countcorrect
1cee9ffa-6391-4bc1-8a87-2199036e1f6b,三维心理旋转测试B,Mental Rotation 3D B,MR3DB,countcorrect
22381430-a93e-4389-a056-2be6e6e4e379,社会支持,Society Support,SS,sumscore
6bfb8040-8735-412b-880b-f2af5fc26065,谁在唱歌A,SpeechDiscrA,SDA,
56310b8e-1565-4dc2-8c12-f3392e8a351a,谁在唱歌B,SpeechDiscrB,SDB,
bdc7a051-727a-4bd0-a040-b4fc72e83596,生活满意度,Satisfaction With Life Scale,SWLS,sumscore
eecc6df6-a95d-4036-aca0-b1aa65b120db,声调判断,Tone,Tone,cpt
ec40acb2-efba-40cd-adbc-fd604668b451,时空相机A,Spatiotemporal Memory A,SpatTempA,locmem2
b896281d-9460-450e-9675-47ab3ba1068c,时空相机B,Spatiotemporal Memory B,SpatTempB,locmem2
87c63149-07ba-4d34-bcad-7e5fff3b5dc8,视听反应,Multisense,MltSns,multisense
98b2cb06-900e-49c1-b9bf-499e6c705838,舒尔特方格（初级）,Schulte Grid Junior,SchulteJr,countcorrect2
8cd79a3c-bcfa-45f1-aa15-65c52bd4f4ea,舒尔特方格（高级）,Schulte Grid Advanced,SchulteAdv,countcorrect2
e88ce3d8-88eb-41c6-ba2d-0650e6897d0f,舒尔特方格（中级）,Schulte Grid Medium,SchulteMed,countcorrect2
6d16b4e2-cb8a-4fe7-be67-17aca93ababf,数感,Nonsymbolic Numeric Comparison,NsymNCmp,nsymncmp
9007f653-4750-4b6a-bf5d-e5084fb35417,数字大小比较,Symbolic Numeric Comparison,SymNCmp,symncmp
b019d6ec-9e38-497e-8259-8bf7128fe76c,数字归纳推理A,Digit Reasoning Induction A,DRIA,countcorrect
3759e0fa-bccd-4539-81fd-73f5671af290,数字归纳推理B,Digit Reasoning Induction B,DRIB,countcorrect
816b7e90-49d8-474c-9779-c2193fade13b,数字归纳推理C,Digit Reasoning Induction C,DRIC,countcorrect
0c810c88-29ca-4d10-9d2f-9fcc6bed7c9c,数字归纳推理D,Digit Reasoning Induction D,DRID,countcorrect
5e984078-8b24-457d-b815-10e4a2ba94d7,数字推理A,Digit Reasoning A,DRA,countcorrect
f55810cd-7f55-4300-933f-d4be49a90cb6,数字推理A,Digit Reasoning Classical A,DRCA,countcorrect
b9ca638e-77a0-466f-a130-b16484dadfd2,数字推理B,Digit Reasoning B,DRB,countcorrect
733bb97c-39a4-4394-b944-4f68944018a8,数字推理B,Digit Reasoning Classical B,DRCB,countcorrect
d29936ab-9d1f-4305-9ee8-83fadeec548b,数字推理高级,Digit Reasoning Advanced,DRAdv,countcorrect
d016add9-cdb4-4d9c-b0fe-2dae44daa31d,数字推理高级,Digit Reasoning Classical Advanced,DRCAdv,countcorrect
b958aca6-2898-46ec-863e-78254fe21ef8,数字演绎推理,Digit Reasoning Deduction,DRD,countcorrect
7c7fe5b8-58dd-49dd-bf2a-30376b44f778,顺背数,Forward Digit Span,FDS,span
761ae897-4196-496e-b1bf-58c214acaebd,速算师（初级）,Calculation Junior,CalcJr,countcorrect
933d51d5-49de-454a-bb7b-a9481f7244f0,速算师（中级）,Calculation Medium,CalcMed,countcorrect
5b0ae49c-6c85-4804-95e5-490c84fbc343,他/她会怎么想？,Theory of Mind 2,ToM2,countcorrect
6bfc5052-76d1-4234-9f82-d1d2dd3ade11,塔罗牌,Weather Prediction Paradigm,WxPred,countcorrect
6ea55de0-0d70-4ae1-8ccf-00705d103b69,太空飞船,Flanker Test,Flkr,congeff
148077f2-17e2-471d-99fc-4fbb77027aef,太空飞船极速版,Flanker Test Speeded,FlkrSpd,congeff
8f6b9759-38eb-4412-a207-f51497cda99d,通用非智力数字推理测验,General Digital Reasoning,GDR,countcorrect
ed61f84c-47c9-47e5-b4cc-b4fa1a34868b,通用非智力图形测试,General Nonverbal Reasoning,GNVR,countcorrect
0972552f-ca53-4176-a772-23014be41d2e,图片记忆,Behavioral Pattern Separation,BPS,bps
f4e7115d-ba8a-474f-945d-fc88946000e8,图片记忆A,Behavioral Pattern Separation A,BPSA,bps
f1156275-3f17-40c2-bda6-22767878ddf2,图片记忆B,Behavioral Pattern Separation B,BPSB,bps
bcbdfb36-58a3-4df9-b31e-5f54295a1468,图片记忆C,Behavioral Pattern Separation C,BPSC,bps
b4dcbdfe-f835-438b-9448-bc570f384851,图片记忆D,Behavioral Pattern Separation D,BPSD,bps
26eb4f74-91aa-4965-b542-4cfb77a618be,图形归纳推理A,Non-verbal Reasoning Induction A,NVRIA,countcorrect
4e538055-d5a1-4e91-bf6c-93c68cf4de28,图形归纳推理B,Non-verbal Reasoning Induction B,NVRIB,countcorrect
f46680bf-1678-4f99-963b-e99882a5b740,图形推理A,Nonverbal Reasoning A,NVRA,countcorrect
554a096b-0f5f-4dd8-a175-46a8fa639176,图形推理A,Nonverbal Reasoning Classical A,NVRCA,countcorrect
0bcd3dcc-4c41-4063-905e-a29151d1360a,图形推理B,Nonverbal Reasoning B,NVRB,countcorrect
2d152b21-0f43-42ae-a1b1-3bfd3b6119a5,图形推理B,Nonverbal Reasoning Classical B,NVRCB,countcorrect
e93f858c-f84a-4c95-86ac-4e03d1534add,图形推理高级,Nonverbal Reasoning Advanced,NVRAdv,countcorrect
2e90bdf7-9d47-49f1-8d66-cbdc5db533af,图形推理极速版,Nonverbal Reasoning Speeded,NVRSpd,countcorrect
892a9728-6212-4978-ad3c-d6f35c6fdff4,图形推理极速版,Nonverbal Reasoning Classical Speeded,NVRCSpd,countcorrect
ca646547-8ef2-4657-8b9b-35b586073683,图形演绎推理A,Non-verbal Reasoning Deduction A,NVRDA,countcorrect
831784bc-2aeb-4a1e-95ed-2df1224836bb,图形演绎推理B,Non-verbal Reasoning Deduction B,NVRDB,countcorrect
9eed94b4-968b-4904-86a2-74f772ef454b,图形折叠A,Folding Reasoning A,FRA,countcorrect
4cdaaa91-27d4-443c-95e7-37f004ce2a50,图形折叠B,Folding Reasoning B,FRB,countcorrect
1af3c10b-de0b-473b-8dcb-bd622b91e0ef,图形折叠C,Folding Reasoning C,FRC,countcorrect
fa38dd50-86a7-4ded-bc71-c918659a37fe,图形折叠D,Folding Reasoning D,FRD,countcorrect
a0cab4df-f1de-44e2-afbc-2a205d5ca7e4,图形折叠与展开A,Folding A,FOLDA,countcorrect
49feab5f-c3e8-4bf3-b58f-63730c616b50,图形折叠与展开B,Folding B,FOLDB,countcorrect
71d62d15-c149-4a3a-82f5-fa16d722463f,位置记忆,Spatial Short-term Memory,SSTM,span
539f4c20-7800-4444-8871-1ef833628a6d,位置记忆极速版,Spatial Short-term Memory Speeded,SSTMSpd,span
617492f3-1211-4dcb-a5a9-1a6c2b1e6ecc,文字推理,Verbal Reasoning,VR,countcorrect
0a6518c2-200d-4a8f-b182-1b8eadd95294,文字推理A,Verbal Reasoning A,VRA,countcorrect
a452f356-2fd1-4915-aa14-69002d6aa2aa,文字推理A,Verbal Reasoning Classical A,VRCA,countcorrect
83643295-c185-4c6b-a4fb-1b5c58030ece,文字推理A-标准,Verbal Reasoning Standard A,VRSA,countcorrect
f9608b26-710b-4c64-9300-26f851f4bf95,文字推理B,Verbal Reasoning B,VRB,countcorrect
141e5231-7f96-4b89-9861-b8a153e402ff,文字推理B,Verbal Reasoning Classical B,VRCB,countcorrect
7f4f24ec-afef-4f4e-995f-94a0f1fd82cd,文字推理B-标准,Verbal Reasoning Standard B,VRSB,countcorrect
11d071cc-7289-429a-a6c5-a552753c52a0,文字推理-初级,Verbal Reasoning Junior,VRJr,countcorrect
34642c83-8482-4943-a6fc-b604de328cdc,文字推理高级,Verbal Reasoning Advanced,VRAdv,countcorrect
1ca4dcf4-e1eb-4820-921b-7a748530f3fc,文字推理高级,Verbal Reasoning Classical Advanced,VRCAdv,countcorrect
7f722c9e-1932-4b6f-b81e-6cd351e858e5,希望量表,Hope,Hope,sumscore
17c7ee16-eabc-4bf7-8724-5de2260f4460,小学生学习习惯问卷,Learn Habit,Habit,sumscore
fa5b9880-9393-453a-9538-41decd119296,心境焦虑症状,Anxiety,Anxiety,sumscore
1b58a7b3-6b2d-4117-a2c4-85f8c8d78e3a,心理健康问卷,Mental Health Scale,MHScale,sumscore
10d4c8f4-4a1c-45aa-861a-74e430bdf9ba,心理健康自评量表,Mental Health Self-report,MHSelf,sumscore
485a442f-76d8-439c-bf2f-34415366593d,压力事件,Stress,Stress,sumscore
76621a53-d00c-4efd-83f2-d7d499b7c8b0,言语记忆,DRM Paradigm,DRM,drm
d30fe222-c37d-42fb-97d8-e65a039e17d8,言语记忆B,DRM Paradigm B,DRMB,drm
b9f0a08c-48fa-4291-be8a-85d86a4efc89,一心多用,Multiple Task Paradigm,MultiTask,cpt
3b68c304-efbe-431c-8f87-38611b593b80,一心二用,Dual Task Paradigm,DualTask,cpt
393b69dc-c995-45ae-9a8d-c65b18eb659b,萤火虫,Multiple Object Tracking,MOT,span
5134b80a-945f-452e-b6cc-3c2b01295120,萤火虫高级版,Multiple Object Tracking 2,MOT2,span
6ca66b83-d5ef-47ad-8977-6c114598ae2e,萤火虫极速版,Multiple Object Tracking (Short Version),MOTS,span
a8813ba1-9dc0-4949-a9a7-f184ebf68091,宇宙遨游,Space Gatherer,SpaGath,countcorrect
de124965-f280-4177-a747-20fe4aba79fa,宇宙黑洞A,Location Memory A,LocMemA,locmem
9ca38d8d-a402-49fd-bb5f-aa0f1d499c5e,宇宙黑洞B,Location Memory B,LocMemB,locmem
605d5346-5b07-4a9a-b28d-db522de05b02,语义判断,Semanteme,Seman,cpt
2a8d2226-2458-4d0b-bd92-7ff438bd00a9,远距离联想测试,Remote Association Test,RAT,countcorrect
617dc922-094c-433d-95f1-03f6489de1b6,远距离联想测试-高级版,Remote Association Test Advanced,RATAdv,countcorrect
82c50d3a-5a13-451f-ad3a-9b8082731ac9,阅读理解,Reading 2,Reading2,countcorrect
2a82342b-f1bf-489e-8dd4-403e708123d1,阅读判断,Reading,Reading,countcorrect
6d8e5eb1-fb1f-428f-8518-e2c0ba0b5d4e,在线认知测评知情同意书,Consent,Consent,countcorrect
f3d638a3-0c97-4103-8f8d-e537c7a73f0d,长处和困难问卷,Strength Scale,Strength,countcorrect
f620d6bb-a2a2-48ec-bbac-c93574672af5,找相同,Find the Same,FtS,sumscore
30117ce4-109f-4909-9bbc-b799b4109709,正负情绪测查,Positive and negative emotion test ,PNET,sumscore
87efaa42-cec1-44b1-8547-f9d7bcfda102,执行功能行为评定量表,Executive Function Evaluation,EFEval,sumscore
7142fdb3-5faa-4225-ac62-39e289b56087,职业价值观量表,Occupational Values Scale,OVS,sumscore
e5898379-ddf3-4164-992d-d0b9927a1a72,中国少年非智力个性心理特征问卷,Non-intelligence,NonIntel,sumscore
92781d29-0251-44d7-8f37-d5c3f117e93f,中学生心理健康量表,Mental Health,MH,sumscore
fe9537fd-1486-469c-b72c-acbcfe05412c,中学生学业自我效能感量表,Self Efficacy,SelfEff,sumscore
d8eb6518-1562-45d0-b33c-7dd2fb844975,主观幸福感,Happiness,Happiness,sumscore
90ffedbe-8ec0-4738-9179-cf0afc1e5711,注意力评定量表,ADHD Evaluation,ADHD,sumscore
28ddff7c-396a-4bce-8b16-c3258cd637dc,专注大师,Calculation Speeded Junior,CalcSpdJr,countcorrect
4352204f-790c-4f6e-aa8b-4518c9c23c0c,专注大师_高级,Calculation Speeded Advanced,CalcSpdAdv,countcorrect
0e68d68f-333c-41d5-86c5-75c09c00a320,专注大师_中级,Calculation Speeded Medium,CalcSpdMed,countcorrect
ef44f5a5-5134-47da-9c6e-9f2f714f6cfc,捉虫,Continuous Performance Test,CPT,cpt
dad9699d-bf5d-4287-b6e0-27890c821307,捉虫高级版,Test of Variables of Attention,TOVA,cpt
d38a4f12-520a-4b01-86b8-95bd6345896e,捉虫高级简版,Test of Variables of Attention (Short Version),TOVAS,cpt
db0b4727-86f8-40c7-95dd-863197b95c03,字形判断,Orthography,Ortho,cpt
4b72d72d-b6f3-430f-b744-4209fe9508a2,阻挡陨石,Earth Protect,EP,countcorrect
9a7e8886-d69c-4ab2-8899-4fa7150942f0,阻挡陨石极速版,Earth Protect (Short Version),EPS,countcorrect
